-- Migration script for operational.db
-- Generated: 2026-01-21T16:27:40.892Z

-- Schema
CREATE TABLE IF NOT EXISTS patterns (
  id INTEGER PRIMARY KEY AUTOINCREMENT,
  state TEXT NOT NULL,
  action TEXT NOT NULL,
  q_value REAL DEFAULT 0.5,
  visits INTEGER DEFAULT 0,
  last_update INTEGER,
  created_at INTEGER DEFAULT (strftime('%s', 'now')),
  UNIQUE(state, action)
);

CREATE TABLE IF NOT EXISTS memories (
  id TEXT PRIMARY KEY,
  memory_type TEXT NOT NULL,
  content TEXT,
  metadata TEXT,
  timestamp INTEGER,
  created_at INTEGER DEFAULT (strftime('%s', 'now'))
);

CREATE TABLE IF NOT EXISTS trajectories (
  id TEXT PRIMARY KEY,
  state TEXT NOT NULL,
  action TEXT NOT NULL,
  outcome TEXT,
  reward REAL,
  timestamp INTEGER,
  created_at INTEGER DEFAULT (strftime('%s', 'now'))
);

CREATE INDEX IF NOT EXISTS idx_patterns_state ON patterns(state);
CREATE INDEX IF NOT EXISTS idx_memories_type ON memories(memory_type);
CREATE INDEX IF NOT EXISTS idx_trajectories_state ON trajectories(state);

-- Data

INSERT OR REPLACE INTO patterns (state, action, q_value, visits, last_update) VALUES ('cmd_shell_general', 'success', 0.7999999618151142, 160, 1768871846);
INSERT OR REPLACE INTO patterns (state, action, q_value, visits, last_update) VALUES ('edit__in_project', 'successful-edit', 0.9999991791689895, 133, 1768871686);

INSERT OR REPLACE INTO memories (id, memory_type, content, metadata, timestamp) VALUES ('mem_1768860723', 'edit', 'successful edit of  in project', '{}', 1768860723);
INSERT OR REPLACE INTO memories (id, memory_type, content, metadata, timestamp) VALUES ('mem_1768860737', 'edit', 'successful edit of  in project', '{}', 1768860737);
INSERT OR REPLACE INTO memories (id, memory_type, content, metadata, timestamp) VALUES ('mem_1768860748', 'edit', 'successful edit of  in project', '{}', 1768860748);
INSERT OR REPLACE INTO memories (id, memory_type, content, metadata, timestamp) VALUES ('mem_1768860753', 'edit', 'successful edit of  in project', '{}', 1768860753);
INSERT OR REPLACE INTO memories (id, memory_type, content, metadata, timestamp) VALUES ('mem_1768860757', 'edit', 'successful edit of  in project', '{}', 1768860757);
INSERT OR REPLACE INTO memories (id, memory_type, content, metadata, timestamp) VALUES ('mem_1768860774', 'edit', 'successful edit of  in project', '{}', 1768860774);
INSERT OR REPLACE INTO memories (id, memory_type, content, metadata, timestamp) VALUES ('mem_1768860784', 'edit', 'successful edit of  in project', '{}', 1768860784);
INSERT OR REPLACE INTO memories (id, memory_type, content, metadata, timestamp) VALUES ('mem_1768860787', 'edit', 'successful edit of  in project', '{}', 1768860787);
INSERT OR REPLACE INTO memories (id, memory_type, content, metadata, timestamp) VALUES ('mem_1768860799', 'edit', 'successful edit of  in project', '{}', 1768860799);
INSERT OR REPLACE INTO memories (id, memory_type, content, metadata, timestamp) VALUES ('mem_1768860809', 'edit', 'successful edit of  in project', '{}', 1768860809);
INSERT OR REPLACE INTO memories (id, memory_type, content, metadata, timestamp) VALUES ('mem_1768860867', 'edit', 'successful edit of  in project', '{}', 1768860867);
INSERT OR REPLACE INTO memories (id, memory_type, content, metadata, timestamp) VALUES ('mem_1768860880', 'edit', 'successful edit of  in project', '{}', 1768860880);
INSERT OR REPLACE INTO memories (id, memory_type, content, metadata, timestamp) VALUES ('mem_1768860882', 'edit', 'successful edit of  in project', '{}', 1768860882);
INSERT OR REPLACE INTO memories (id, memory_type, content, metadata, timestamp) VALUES ('mem_1768860885', 'edit', 'successful edit of  in project', '{}', 1768860885);
INSERT OR REPLACE INTO memories (id, memory_type, content, metadata, timestamp) VALUES ('mem_1768860893', 'edit', 'successful edit of  in project', '{}', 1768860893);
INSERT OR REPLACE INTO memories (id, memory_type, content, metadata, timestamp) VALUES ('mem_1768860911', 'edit', 'successful edit of  in project', '{}', 1768860911);
INSERT OR REPLACE INTO memories (id, memory_type, content, metadata, timestamp) VALUES ('mem_1768860928', 'edit', 'successful edit of  in project', '{}', 1768860928);
INSERT OR REPLACE INTO memories (id, memory_type, content, metadata, timestamp) VALUES ('mem_1768860962', 'edit', 'successful edit of  in project', '{}', 1768860962);
INSERT OR REPLACE INTO memories (id, memory_type, content, metadata, timestamp) VALUES ('mem_1768861010', 'edit', 'successful edit of  in project', '{}', 1768861010);
INSERT OR REPLACE INTO memories (id, memory_type, content, metadata, timestamp) VALUES ('mem_1768861465', 'edit', 'successful edit of  in project', '{}', 1768861465);
INSERT OR REPLACE INTO memories (id, memory_type, content, metadata, timestamp) VALUES ('mem_1768861771', 'edit', 'successful edit of  in project', '{}', 1768861771);
INSERT OR REPLACE INTO memories (id, memory_type, content, metadata, timestamp) VALUES ('mem_1768861914', 'edit', 'successful edit of  in project', '{}', 1768861914);
INSERT OR REPLACE INTO memories (id, memory_type, content, metadata, timestamp) VALUES ('mem_1768862036', 'edit', 'successful edit of  in project', '{}', 1768862036);
INSERT OR REPLACE INTO memories (id, memory_type, content, metadata, timestamp) VALUES ('mem_1768862050', 'edit', 'successful edit of  in project', '{}', 1768862050);
INSERT OR REPLACE INTO memories (id, memory_type, content, metadata, timestamp) VALUES ('mem_1768862068', 'edit', 'successful edit of  in project', '{}', 1768862068);
INSERT OR REPLACE INTO memories (id, memory_type, content, metadata, timestamp) VALUES ('mem_1768862079', 'edit', 'successful edit of  in project', '{}', 1768862079);
INSERT OR REPLACE INTO memories (id, memory_type, content, metadata, timestamp) VALUES ('mem_1768862676', 'edit', 'successful edit of  in project', '{}', 1768862676);
INSERT OR REPLACE INTO memories (id, memory_type, content, metadata, timestamp) VALUES ('mem_1768862688', 'edit', 'successful edit of  in project', '{}', 1768862688);
INSERT OR REPLACE INTO memories (id, memory_type, content, metadata, timestamp) VALUES ('mem_1768862689', 'edit', 'successful edit of  in project', '{}', 1768862689);
INSERT OR REPLACE INTO memories (id, memory_type, content, metadata, timestamp) VALUES ('mem_1768862690', 'edit', 'successful edit of  in project', '{}', 1768862690);
INSERT OR REPLACE INTO memories (id, memory_type, content, metadata, timestamp) VALUES ('mem_1768862699', 'edit', 'successful edit of  in project', '{}', 1768862699);
INSERT OR REPLACE INTO memories (id, memory_type, content, metadata, timestamp) VALUES ('mem_1768862700', 'edit', 'successful edit of  in project', '{}', 1768862700);
INSERT OR REPLACE INTO memories (id, memory_type, content, metadata, timestamp) VALUES ('mem_1768862714', 'edit', 'successful edit of  in project', '{}', 1768862714);
INSERT OR REPLACE INTO memories (id, memory_type, content, metadata, timestamp) VALUES ('mem_1768862715', 'edit', 'successful edit of  in project', '{}', 1768862715);
INSERT OR REPLACE INTO memories (id, memory_type, content, metadata, timestamp) VALUES ('mem_1768862716', 'edit', 'successful edit of  in project', '{}', 1768862716);
INSERT OR REPLACE INTO memories (id, memory_type, content, metadata, timestamp) VALUES ('mem_1768862717', 'edit', 'successful edit of  in project', '{}', 1768862717);
INSERT OR REPLACE INTO memories (id, memory_type, content, metadata, timestamp) VALUES ('mem_1768862730', 'edit', 'successful edit of  in project', '{}', 1768862730);
INSERT OR REPLACE INTO memories (id, memory_type, content, metadata, timestamp) VALUES ('mem_1768862799', 'edit', 'successful edit of  in project', '{}', 1768862799);
INSERT OR REPLACE INTO memories (id, memory_type, content, metadata, timestamp) VALUES ('mem_1768862800', 'edit', 'successful edit of  in project', '{}', 1768862800);
INSERT OR REPLACE INTO memories (id, memory_type, content, metadata, timestamp) VALUES ('mem_1768862819', 'edit', 'successful edit of  in project', '{}', 1768862819);
INSERT OR REPLACE INTO memories (id, memory_type, content, metadata, timestamp) VALUES ('mem_1768862820', 'edit', 'successful edit of  in project', '{}', 1768862820);
INSERT OR REPLACE INTO memories (id, memory_type, content, metadata, timestamp) VALUES ('mem_1768862821', 'edit', 'successful edit of  in project', '{}', 1768862821);
INSERT OR REPLACE INTO memories (id, memory_type, content, metadata, timestamp) VALUES ('mem_1768862831', 'edit', 'successful edit of  in project', '{}', 1768862831);
INSERT OR REPLACE INTO memories (id, memory_type, content, metadata, timestamp) VALUES ('mem_1768862832', 'edit', 'successful edit of  in project', '{}', 1768862832);
INSERT OR REPLACE INTO memories (id, memory_type, content, metadata, timestamp) VALUES ('mem_1768863257', 'edit', 'successful edit of  in project', '{}', 1768863257);
INSERT OR REPLACE INTO memories (id, memory_type, content, metadata, timestamp) VALUES ('mem_1768863266', 'edit', 'successful edit of  in project', '{}', 1768863266);
INSERT OR REPLACE INTO memories (id, memory_type, content, metadata, timestamp) VALUES ('mem_1768863267', 'edit', 'successful edit of  in project', '{}', 1768863267);
INSERT OR REPLACE INTO memories (id, memory_type, content, metadata, timestamp) VALUES ('mem_1768863303', 'edit', 'successful edit of  in project', '{}', 1768863303);
INSERT OR REPLACE INTO memories (id, memory_type, content, metadata, timestamp) VALUES ('mem_1768863313', 'edit', 'successful edit of  in project', '{}', 1768863313);
INSERT OR REPLACE INTO memories (id, memory_type, content, metadata, timestamp) VALUES ('mem_1768863322', 'edit', 'successful edit of  in project', '{}', 1768863322);
INSERT OR REPLACE INTO memories (id, memory_type, content, metadata, timestamp) VALUES ('mem_1768863363', 'edit', 'successful edit of  in project', '{}', 1768863363);
INSERT OR REPLACE INTO memories (id, memory_type, content, metadata, timestamp) VALUES ('mem_1768863373', 'edit', 'successful edit of  in project', '{}', 1768863373);
INSERT OR REPLACE INTO memories (id, memory_type, content, metadata, timestamp) VALUES ('mem_1768863374', 'edit', 'successful edit of  in project', '{}', 1768863374);
INSERT OR REPLACE INTO memories (id, memory_type, content, metadata, timestamp) VALUES ('mem_1768863384', 'edit', 'successful edit of  in project', '{}', 1768863384);
INSERT OR REPLACE INTO memories (id, memory_type, content, metadata, timestamp) VALUES ('mem_1768863401', 'edit', 'successful edit of  in project', '{}', 1768863401);
INSERT OR REPLACE INTO memories (id, memory_type, content, metadata, timestamp) VALUES ('mem_1768863402', 'edit', 'successful edit of  in project', '{}', 1768863402);
INSERT OR REPLACE INTO memories (id, memory_type, content, metadata, timestamp) VALUES ('mem_1768863403', 'edit', 'successful edit of  in project', '{}', 1768863403);
INSERT OR REPLACE INTO memories (id, memory_type, content, metadata, timestamp) VALUES ('mem_1768863445', 'edit', 'successful edit of  in project', '{}', 1768863445);
INSERT OR REPLACE INTO memories (id, memory_type, content, metadata, timestamp) VALUES ('mem_1768863459', 'edit', 'successful edit of  in project', '{}', 1768863459);
INSERT OR REPLACE INTO memories (id, memory_type, content, metadata, timestamp) VALUES ('mem_1768863541', 'edit', 'successful edit of  in project', '{}', 1768863541);
INSERT OR REPLACE INTO memories (id, memory_type, content, metadata, timestamp) VALUES ('mem_1768863542', 'edit', 'successful edit of  in project', '{}', 1768863542);
INSERT OR REPLACE INTO memories (id, memory_type, content, metadata, timestamp) VALUES ('mem_1768863635', 'edit', 'successful edit of  in project', '{}', 1768863635);
INSERT OR REPLACE INTO memories (id, memory_type, content, metadata, timestamp) VALUES ('mem_1768863636', 'edit', 'successful edit of  in project', '{}', 1768863636);
INSERT OR REPLACE INTO memories (id, memory_type, content, metadata, timestamp) VALUES ('mem_1768863637', 'edit', 'successful edit of  in project', '{}', 1768863637);
INSERT OR REPLACE INTO memories (id, memory_type, content, metadata, timestamp) VALUES ('mem_1768863638', 'edit', 'successful edit of  in project', '{}', 1768863638);
INSERT OR REPLACE INTO memories (id, memory_type, content, metadata, timestamp) VALUES ('mem_1768863677', 'edit', 'successful edit of  in project', '{}', 1768863677);
INSERT OR REPLACE INTO memories (id, memory_type, content, metadata, timestamp) VALUES ('mem_1768863678', 'edit', 'successful edit of  in project', '{}', 1768863678);
INSERT OR REPLACE INTO memories (id, memory_type, content, metadata, timestamp) VALUES ('mem_1768863679', 'edit', 'successful edit of  in project', '{}', 1768863679);
INSERT OR REPLACE INTO memories (id, memory_type, content, metadata, timestamp) VALUES ('mem_1768863680', 'edit', 'successful edit of  in project', '{}', 1768863680);
INSERT OR REPLACE INTO memories (id, memory_type, content, metadata, timestamp) VALUES ('mem_1768863681', 'edit', 'successful edit of  in project', '{}', 1768863681);
INSERT OR REPLACE INTO memories (id, memory_type, content, metadata, timestamp) VALUES ('mem_1768863719', 'edit', 'successful edit of  in project', '{}', 1768863719);
INSERT OR REPLACE INTO memories (id, memory_type, content, metadata, timestamp) VALUES ('mem_1768863720', 'edit', 'successful edit of  in project', '{}', 1768863720);
INSERT OR REPLACE INTO memories (id, memory_type, content, metadata, timestamp) VALUES ('mem_1768863721', 'edit', 'successful edit of  in project', '{}', 1768863721);
INSERT OR REPLACE INTO memories (id, memory_type, content, metadata, timestamp) VALUES ('mem_1768863722', 'edit', 'successful edit of  in project', '{}', 1768863722);
INSERT OR REPLACE INTO memories (id, memory_type, content, metadata, timestamp) VALUES ('mem_1768863751', 'edit', 'successful edit of  in project', '{}', 1768863751);
INSERT OR REPLACE INTO memories (id, memory_type, content, metadata, timestamp) VALUES ('mem_1768863798', 'edit', 'successful edit of  in project', '{}', 1768863798);
INSERT OR REPLACE INTO memories (id, memory_type, content, metadata, timestamp) VALUES ('mem_1768863818', 'edit', 'successful edit of  in project', '{}', 1768863818);
INSERT OR REPLACE INTO memories (id, memory_type, content, metadata, timestamp) VALUES ('mem_1768863819', 'edit', 'successful edit of  in project', '{}', 1768863819);
INSERT OR REPLACE INTO memories (id, memory_type, content, metadata, timestamp) VALUES ('mem_1768863820', 'edit', 'successful edit of  in project', '{}', 1768863820);
INSERT OR REPLACE INTO memories (id, memory_type, content, metadata, timestamp) VALUES ('mem_1768863821', 'edit', 'successful edit of  in project', '{}', 1768863821);
INSERT OR REPLACE INTO memories (id, memory_type, content, metadata, timestamp) VALUES ('mem_1768863822', 'edit', 'successful edit of  in project', '{}', 1768863822);
INSERT OR REPLACE INTO memories (id, memory_type, content, metadata, timestamp) VALUES ('mem_1768863839', 'edit', 'successful edit of  in project', '{}', 1768863839);
INSERT OR REPLACE INTO memories (id, memory_type, content, metadata, timestamp) VALUES ('mem_1768863840', 'edit', 'successful edit of  in project', '{}', 1768863840);
INSERT OR REPLACE INTO memories (id, memory_type, content, metadata, timestamp) VALUES ('mem_1768863950', 'edit', 'successful edit of  in project', '{}', 1768863950);
INSERT OR REPLACE INTO memories (id, memory_type, content, metadata, timestamp) VALUES ('mem_1768863951', 'edit', 'successful edit of  in project', '{}', 1768863951);
INSERT OR REPLACE INTO memories (id, memory_type, content, metadata, timestamp) VALUES ('mem_1768863970', 'edit', 'successful edit of  in project', '{}', 1768863970);
INSERT OR REPLACE INTO memories (id, memory_type, content, metadata, timestamp) VALUES ('mem_1768863995', 'edit', 'successful edit of  in project', '{}', 1768863995);
INSERT OR REPLACE INTO memories (id, memory_type, content, metadata, timestamp) VALUES ('mem_1768863996', 'edit', 'successful edit of  in project', '{}', 1768863996);
INSERT OR REPLACE INTO memories (id, memory_type, content, metadata, timestamp) VALUES ('mem_1768863997', 'edit', 'successful edit of  in project', '{}', 1768863997);
INSERT OR REPLACE INTO memories (id, memory_type, content, metadata, timestamp) VALUES ('mem_1768863998', 'edit', 'successful edit of  in project', '{}', 1768863998);
INSERT OR REPLACE INTO memories (id, memory_type, content, metadata, timestamp) VALUES ('mem_1768863999', 'edit', 'successful edit of  in project', '{}', 1768863999);
INSERT OR REPLACE INTO memories (id, memory_type, content, metadata, timestamp) VALUES ('mem_1768864013', 'edit', 'successful edit of  in project', '{}', 1768864013);
INSERT OR REPLACE INTO memories (id, memory_type, content, metadata, timestamp) VALUES ('mem_1768864014', 'edit', 'successful edit of  in project', '{}', 1768864014);
INSERT OR REPLACE INTO memories (id, memory_type, content, metadata, timestamp) VALUES ('mem_1768864039', 'edit', 'successful edit of  in project', '{}', 1768864039);
INSERT OR REPLACE INTO memories (id, memory_type, content, metadata, timestamp) VALUES ('mem_1768864056', 'edit', 'successful edit of  in project', '{}', 1768864056);
INSERT OR REPLACE INTO memories (id, memory_type, content, metadata, timestamp) VALUES ('mem_1768864057', 'edit', 'successful edit of  in project', '{}', 1768864057);
INSERT OR REPLACE INTO memories (id, memory_type, content, metadata, timestamp) VALUES ('mem_1768864058', 'edit', 'successful edit of  in project', '{}', 1768864058);
INSERT OR REPLACE INTO memories (id, memory_type, content, metadata, timestamp) VALUES ('mem_1768864074', 'edit', 'successful edit of  in project', '{}', 1768864074);
INSERT OR REPLACE INTO memories (id, memory_type, content, metadata, timestamp) VALUES ('mem_1768864075', 'edit', 'successful edit of  in project', '{}', 1768864075);
INSERT OR REPLACE INTO memories (id, memory_type, content, metadata, timestamp) VALUES ('mem_1768864076', 'edit', 'successful edit of  in project', '{}', 1768864076);
INSERT OR REPLACE INTO memories (id, memory_type, content, metadata, timestamp) VALUES ('mem_1768864077', 'edit', 'successful edit of  in project', '{}', 1768864077);
INSERT OR REPLACE INTO memories (id, memory_type, content, metadata, timestamp) VALUES ('mem_1768864090', 'edit', 'successful edit of  in project', '{}', 1768864090);
INSERT OR REPLACE INTO memories (id, memory_type, content, metadata, timestamp) VALUES ('mem_1768864091', 'edit', 'successful edit of  in project', '{}', 1768864091);
INSERT OR REPLACE INTO memories (id, memory_type, content, metadata, timestamp) VALUES ('mem_1768864092', 'edit', 'successful edit of  in project', '{}', 1768864092);
INSERT OR REPLACE INTO memories (id, memory_type, content, metadata, timestamp) VALUES ('mem_1768869891', 'edit', 'successful edit of  in project', '{}', 1768869891);
INSERT OR REPLACE INTO memories (id, memory_type, content, metadata, timestamp) VALUES ('mem_1768870178', 'edit', 'successful edit of  in project', '{}', 1768870178);
INSERT OR REPLACE INTO memories (id, memory_type, content, metadata, timestamp) VALUES ('mem_1768870225', 'edit', 'successful edit of  in project', '{}', 1768870225);
INSERT OR REPLACE INTO memories (id, memory_type, content, metadata, timestamp) VALUES ('mem_1768871106', 'edit', 'successful edit of  in project', '{}', 1768871106);
INSERT OR REPLACE INTO memories (id, memory_type, content, metadata, timestamp) VALUES ('mem_1768871159', 'edit', 'successful edit of  in project', '{}', 1768871159);
INSERT OR REPLACE INTO memories (id, memory_type, content, metadata, timestamp) VALUES ('mem_1768871685', 'edit', 'successful edit of  in project', '{}', 1768871685);
INSERT OR REPLACE INTO memories (id, memory_type, content, metadata, timestamp) VALUES ('mem_1768871686', 'edit', 'successful edit of  in project', '{}', 1768871686);

INSERT OR REPLACE INTO trajectories (id, state, action, outcome, reward, timestamp) VALUES ('traj_1768860146', 'cmd_shell_general', 'success', 'completed', 0.8, 1768860146);
INSERT OR REPLACE INTO trajectories (id, state, action, outcome, reward, timestamp) VALUES ('traj_1768860153', 'cmd_shell_general', 'success', 'completed', 0.8, 1768860153);
INSERT OR REPLACE INTO trajectories (id, state, action, outcome, reward, timestamp) VALUES ('traj_1768860159', 'cmd_shell_general', 'success', 'completed', 0.8, 1768860159);
INSERT OR REPLACE INTO trajectories (id, state, action, outcome, reward, timestamp) VALUES ('traj_1768860175', 'cmd_shell_general', 'success', 'completed', 0.8, 1768860175);
INSERT OR REPLACE INTO trajectories (id, state, action, outcome, reward, timestamp) VALUES ('traj_1768860475', 'cmd_shell_general', 'success', 'completed', 0.8, 1768860475);
INSERT OR REPLACE INTO trajectories (id, state, action, outcome, reward, timestamp) VALUES ('traj_1768860484', 'cmd_shell_general', 'success', 'completed', 0.8, 1768860484);
INSERT OR REPLACE INTO trajectories (id, state, action, outcome, reward, timestamp) VALUES ('traj_1768860563', 'cmd_shell_general', 'success', 'completed', 0.8, 1768860563);
INSERT OR REPLACE INTO trajectories (id, state, action, outcome, reward, timestamp) VALUES ('traj_1768860564', 'cmd_shell_general', 'success', 'completed', 0.8, 1768860564);
INSERT OR REPLACE INTO trajectories (id, state, action, outcome, reward, timestamp) VALUES ('traj_1768860566', 'cmd_shell_general', 'success', 'completed', 0.8, 1768860566);
INSERT OR REPLACE INTO trajectories (id, state, action, outcome, reward, timestamp) VALUES ('traj_1768860590', 'cmd_shell_general', 'success', 'completed', 0.8, 1768860590);
INSERT OR REPLACE INTO trajectories (id, state, action, outcome, reward, timestamp) VALUES ('traj_1768860593', 'cmd_shell_general', 'success', 'completed', 0.8, 1768860593);
INSERT OR REPLACE INTO trajectories (id, state, action, outcome, reward, timestamp) VALUES ('traj_1768860601', 'cmd_shell_general', 'success', 'completed', 0.8, 1768860601);
INSERT OR REPLACE INTO trajectories (id, state, action, outcome, reward, timestamp) VALUES ('traj_1768860620', 'cmd_shell_general', 'success', 'completed', 0.8, 1768860620);
INSERT OR REPLACE INTO trajectories (id, state, action, outcome, reward, timestamp) VALUES ('traj_1768860624', 'cmd_shell_general', 'success', 'completed', 0.8, 1768860624);
INSERT OR REPLACE INTO trajectories (id, state, action, outcome, reward, timestamp) VALUES ('traj_1768860627', 'cmd_shell_general', 'success', 'completed', 0.8, 1768860627);
INSERT OR REPLACE INTO trajectories (id, state, action, outcome, reward, timestamp) VALUES ('traj_1768860629', 'cmd_shell_general', 'success', 'completed', 0.8, 1768860629);
INSERT OR REPLACE INTO trajectories (id, state, action, outcome, reward, timestamp) VALUES ('traj_1768860637', 'cmd_shell_general', 'success', 'completed', 0.8, 1768860637);
INSERT OR REPLACE INTO trajectories (id, state, action, outcome, reward, timestamp) VALUES ('traj_1768860640', 'cmd_shell_general', 'success', 'completed', 0.8, 1768860640);
INSERT OR REPLACE INTO trajectories (id, state, action, outcome, reward, timestamp) VALUES ('traj_1768860655', 'cmd_shell_general', 'success', 'completed', 0.8, 1768860655);
INSERT OR REPLACE INTO trajectories (id, state, action, outcome, reward, timestamp) VALUES ('traj_1768860703', 'cmd_shell_general', 'success', 'completed', 0.8, 1768860703);
INSERT OR REPLACE INTO trajectories (id, state, action, outcome, reward, timestamp) VALUES ('traj_1768860723', 'edit__in_project', 'successful-edit', 'completed', 1, 1768860723);
INSERT OR REPLACE INTO trajectories (id, state, action, outcome, reward, timestamp) VALUES ('traj_1768860737', 'edit__in_project', 'successful-edit', 'completed', 1, 1768860737);
INSERT OR REPLACE INTO trajectories (id, state, action, outcome, reward, timestamp) VALUES ('traj_1768860748', 'edit__in_project', 'successful-edit', 'completed', 1, 1768860748);
INSERT OR REPLACE INTO trajectories (id, state, action, outcome, reward, timestamp) VALUES ('traj_1768860753', 'edit__in_project', 'successful-edit', 'completed', 1, 1768860753);
INSERT OR REPLACE INTO trajectories (id, state, action, outcome, reward, timestamp) VALUES ('traj_1768860757', 'edit__in_project', 'successful-edit', 'completed', 1, 1768860757);
INSERT OR REPLACE INTO trajectories (id, state, action, outcome, reward, timestamp) VALUES ('traj_1768860774', 'edit__in_project', 'successful-edit', 'completed', 1, 1768860774);
INSERT OR REPLACE INTO trajectories (id, state, action, outcome, reward, timestamp) VALUES ('traj_1768860784', 'edit__in_project', 'successful-edit', 'completed', 1, 1768860784);
INSERT OR REPLACE INTO trajectories (id, state, action, outcome, reward, timestamp) VALUES ('traj_1768860787', 'edit__in_project', 'successful-edit', 'completed', 1, 1768860787);
INSERT OR REPLACE INTO trajectories (id, state, action, outcome, reward, timestamp) VALUES ('traj_1768860799', 'edit__in_project', 'successful-edit', 'completed', 1, 1768860799);
INSERT OR REPLACE INTO trajectories (id, state, action, outcome, reward, timestamp) VALUES ('traj_1768860809', 'edit__in_project', 'successful-edit', 'completed', 1, 1768860809);
INSERT OR REPLACE INTO trajectories (id, state, action, outcome, reward, timestamp) VALUES ('traj_1768860867', 'edit__in_project', 'successful-edit', 'completed', 1, 1768860867);
INSERT OR REPLACE INTO trajectories (id, state, action, outcome, reward, timestamp) VALUES ('traj_1768860880', 'edit__in_project', 'successful-edit', 'completed', 1, 1768860880);
INSERT OR REPLACE INTO trajectories (id, state, action, outcome, reward, timestamp) VALUES ('traj_1768860882', 'edit__in_project', 'successful-edit', 'completed', 1, 1768860882);
INSERT OR REPLACE INTO trajectories (id, state, action, outcome, reward, timestamp) VALUES ('traj_1768860885', 'edit__in_project', 'successful-edit', 'completed', 1, 1768860885);
INSERT OR REPLACE INTO trajectories (id, state, action, outcome, reward, timestamp) VALUES ('traj_1768860893', 'edit__in_project', 'successful-edit', 'completed', 1, 1768860893);
INSERT OR REPLACE INTO trajectories (id, state, action, outcome, reward, timestamp) VALUES ('traj_1768860911', 'edit__in_project', 'successful-edit', 'completed', 1, 1768860911);
INSERT OR REPLACE INTO trajectories (id, state, action, outcome, reward, timestamp) VALUES ('traj_1768860928', 'edit__in_project', 'successful-edit', 'completed', 1, 1768860928);
INSERT OR REPLACE INTO trajectories (id, state, action, outcome, reward, timestamp) VALUES ('traj_1768860962', 'edit__in_project', 'successful-edit', 'completed', 1, 1768860962);
INSERT OR REPLACE INTO trajectories (id, state, action, outcome, reward, timestamp) VALUES ('traj_1768861010', 'edit__in_project', 'successful-edit', 'completed', 1, 1768861010);
INSERT OR REPLACE INTO trajectories (id, state, action, outcome, reward, timestamp) VALUES ('traj_1768861465', 'edit__in_project', 'successful-edit', 'completed', 1, 1768861465);
INSERT OR REPLACE INTO trajectories (id, state, action, outcome, reward, timestamp) VALUES ('traj_1768861771', 'edit__in_project', 'successful-edit', 'completed', 1, 1768861771);
INSERT OR REPLACE INTO trajectories (id, state, action, outcome, reward, timestamp) VALUES ('traj_1768861914', 'edit__in_project', 'successful-edit', 'completed', 1, 1768861914);
INSERT OR REPLACE INTO trajectories (id, state, action, outcome, reward, timestamp) VALUES ('traj_1768862036', 'edit__in_project', 'successful-edit', 'completed', 1, 1768862036);
INSERT OR REPLACE INTO trajectories (id, state, action, outcome, reward, timestamp) VALUES ('traj_1768862050', 'edit__in_project', 'successful-edit', 'completed', 1, 1768862050);
INSERT OR REPLACE INTO trajectories (id, state, action, outcome, reward, timestamp) VALUES ('traj_1768862068', 'edit__in_project', 'successful-edit', 'completed', 1, 1768862068);
INSERT OR REPLACE INTO trajectories (id, state, action, outcome, reward, timestamp) VALUES ('traj_1768862079', 'edit__in_project', 'successful-edit', 'completed', 1, 1768862079);
INSERT OR REPLACE INTO trajectories (id, state, action, outcome, reward, timestamp) VALUES ('traj_1768862154', 'cmd_shell_general', 'success', 'completed', 0.8, 1768862154);
INSERT OR REPLACE INTO trajectories (id, state, action, outcome, reward, timestamp) VALUES ('traj_1768862261', 'cmd_shell_general', 'success', 'completed', 0.8, 1768862261);
INSERT OR REPLACE INTO trajectories (id, state, action, outcome, reward, timestamp) VALUES ('traj_1768862290', 'cmd_shell_general', 'success', 'completed', 0.8, 1768862290);
INSERT OR REPLACE INTO trajectories (id, state, action, outcome, reward, timestamp) VALUES ('traj_1768862305', 'cmd_shell_general', 'success', 'completed', 0.8, 1768862305);
INSERT OR REPLACE INTO trajectories (id, state, action, outcome, reward, timestamp) VALUES ('traj_1768862307', 'cmd_shell_general', 'success', 'completed', 0.8, 1768862307);
INSERT OR REPLACE INTO trajectories (id, state, action, outcome, reward, timestamp) VALUES ('traj_1768862676', 'edit__in_project', 'successful-edit', 'completed', 1, 1768862676);
INSERT OR REPLACE INTO trajectories (id, state, action, outcome, reward, timestamp) VALUES ('traj_1768862688', 'edit__in_project', 'successful-edit', 'completed', 1, 1768862688);
INSERT OR REPLACE INTO trajectories (id, state, action, outcome, reward, timestamp) VALUES ('traj_1768862689', 'edit__in_project', 'successful-edit', 'completed', 1, 1768862689);
INSERT OR REPLACE INTO trajectories (id, state, action, outcome, reward, timestamp) VALUES ('traj_1768862690', 'edit__in_project', 'successful-edit', 'completed', 1, 1768862690);
INSERT OR REPLACE INTO trajectories (id, state, action, outcome, reward, timestamp) VALUES ('traj_1768862699', 'edit__in_project', 'successful-edit', 'completed', 1, 1768862699);
INSERT OR REPLACE INTO trajectories (id, state, action, outcome, reward, timestamp) VALUES ('traj_1768862700', 'edit__in_project', 'successful-edit', 'completed', 1, 1768862700);
INSERT OR REPLACE INTO trajectories (id, state, action, outcome, reward, timestamp) VALUES ('traj_1768862714', 'edit__in_project', 'successful-edit', 'completed', 1, 1768862714);
INSERT OR REPLACE INTO trajectories (id, state, action, outcome, reward, timestamp) VALUES ('traj_1768862715', 'edit__in_project', 'successful-edit', 'completed', 1, 1768862715);
INSERT OR REPLACE INTO trajectories (id, state, action, outcome, reward, timestamp) VALUES ('traj_1768862716', 'edit__in_project', 'successful-edit', 'completed', 1, 1768862716);
INSERT OR REPLACE INTO trajectories (id, state, action, outcome, reward, timestamp) VALUES ('traj_1768862717', 'edit__in_project', 'successful-edit', 'completed', 1, 1768862717);
INSERT OR REPLACE INTO trajectories (id, state, action, outcome, reward, timestamp) VALUES ('traj_1768862730', 'edit__in_project', 'successful-edit', 'completed', 1, 1768862730);
INSERT OR REPLACE INTO trajectories (id, state, action, outcome, reward, timestamp) VALUES ('traj_1768862799', 'edit__in_project', 'successful-edit', 'completed', 1, 1768862799);
INSERT OR REPLACE INTO trajectories (id, state, action, outcome, reward, timestamp) VALUES ('traj_1768862800', 'edit__in_project', 'successful-edit', 'completed', 1, 1768862800);
INSERT OR REPLACE INTO trajectories (id, state, action, outcome, reward, timestamp) VALUES ('traj_1768862819', 'edit__in_project', 'successful-edit', 'completed', 1, 1768862819);
INSERT OR REPLACE INTO trajectories (id, state, action, outcome, reward, timestamp) VALUES ('traj_1768862820', 'edit__in_project', 'successful-edit', 'completed', 1, 1768862820);
INSERT OR REPLACE INTO trajectories (id, state, action, outcome, reward, timestamp) VALUES ('traj_1768862821', 'edit__in_project', 'successful-edit', 'completed', 1, 1768862821);
INSERT OR REPLACE INTO trajectories (id, state, action, outcome, reward, timestamp) VALUES ('traj_1768862831', 'edit__in_project', 'successful-edit', 'completed', 1, 1768862831);
INSERT OR REPLACE INTO trajectories (id, state, action, outcome, reward, timestamp) VALUES ('traj_1768862832', 'edit__in_project', 'successful-edit', 'completed', 1, 1768862832);
INSERT OR REPLACE INTO trajectories (id, state, action, outcome, reward, timestamp) VALUES ('traj_1768862915', 'cmd_shell_general', 'success', 'completed', 0.8, 1768862915);
INSERT OR REPLACE INTO trajectories (id, state, action, outcome, reward, timestamp) VALUES ('traj_1768862916', 'cmd_shell_general', 'success', 'completed', 0.8, 1768862916);
INSERT OR REPLACE INTO trajectories (id, state, action, outcome, reward, timestamp) VALUES ('traj_1768862987', 'cmd_shell_general', 'success', 'completed', 0.8, 1768862987);
INSERT OR REPLACE INTO trajectories (id, state, action, outcome, reward, timestamp) VALUES ('traj_1768862990', 'cmd_shell_general', 'success', 'completed', 0.8, 1768862990);
INSERT OR REPLACE INTO trajectories (id, state, action, outcome, reward, timestamp) VALUES ('traj_1768862992', 'cmd_shell_general', 'success', 'completed', 0.8, 1768862992);
INSERT OR REPLACE INTO trajectories (id, state, action, outcome, reward, timestamp) VALUES ('traj_1768863004', 'cmd_shell_general', 'success', 'completed', 0.8, 1768863004);
INSERT OR REPLACE INTO trajectories (id, state, action, outcome, reward, timestamp) VALUES ('traj_1768863005', 'cmd_shell_general', 'success', 'completed', 0.8, 1768863005);
INSERT OR REPLACE INTO trajectories (id, state, action, outcome, reward, timestamp) VALUES ('traj_1768863223', 'cmd_shell_general', 'success', 'completed', 0.8, 1768863223);
INSERT OR REPLACE INTO trajectories (id, state, action, outcome, reward, timestamp) VALUES ('traj_1768863236', 'cmd_shell_general', 'success', 'completed', 0.8, 1768863236);
INSERT OR REPLACE INTO trajectories (id, state, action, outcome, reward, timestamp) VALUES ('traj_1768863257', 'edit__in_project', 'successful-edit', 'completed', 1, 1768863257);
INSERT OR REPLACE INTO trajectories (id, state, action, outcome, reward, timestamp) VALUES ('traj_1768863266', 'edit__in_project', 'successful-edit', 'completed', 1, 1768863266);
INSERT OR REPLACE INTO trajectories (id, state, action, outcome, reward, timestamp) VALUES ('traj_1768863267', 'edit__in_project', 'successful-edit', 'completed', 1, 1768863267);
INSERT OR REPLACE INTO trajectories (id, state, action, outcome, reward, timestamp) VALUES ('traj_1768863303', 'edit__in_project', 'successful-edit', 'completed', 1, 1768863303);
INSERT OR REPLACE INTO trajectories (id, state, action, outcome, reward, timestamp) VALUES ('traj_1768863313', 'edit__in_project', 'successful-edit', 'completed', 1, 1768863313);
INSERT OR REPLACE INTO trajectories (id, state, action, outcome, reward, timestamp) VALUES ('traj_1768863322', 'edit__in_project', 'successful-edit', 'completed', 1, 1768863322);
INSERT OR REPLACE INTO trajectories (id, state, action, outcome, reward, timestamp) VALUES ('traj_1768863331', 'cmd_shell_general', 'success', 'completed', 0.8, 1768863331);
INSERT OR REPLACE INTO trajectories (id, state, action, outcome, reward, timestamp) VALUES ('traj_1768863363', 'edit__in_project', 'successful-edit', 'completed', 1, 1768863363);
INSERT OR REPLACE INTO trajectories (id, state, action, outcome, reward, timestamp) VALUES ('traj_1768863373', 'edit__in_project', 'successful-edit', 'completed', 1, 1768863373);
INSERT OR REPLACE INTO trajectories (id, state, action, outcome, reward, timestamp) VALUES ('traj_1768863374', 'edit__in_project', 'successful-edit', 'completed', 1, 1768863374);
INSERT OR REPLACE INTO trajectories (id, state, action, outcome, reward, timestamp) VALUES ('traj_1768863384', 'edit__in_project', 'successful-edit', 'completed', 1, 1768863384);
INSERT OR REPLACE INTO trajectories (id, state, action, outcome, reward, timestamp) VALUES ('traj_1768863401', 'edit__in_project', 'successful-edit', 'completed', 1, 1768863401);
INSERT OR REPLACE INTO trajectories (id, state, action, outcome, reward, timestamp) VALUES ('traj_1768863402', 'edit__in_project', 'successful-edit', 'completed', 1, 1768863402);
INSERT OR REPLACE INTO trajectories (id, state, action, outcome, reward, timestamp) VALUES ('traj_1768863403', 'edit__in_project', 'successful-edit', 'completed', 1, 1768863403);
INSERT OR REPLACE INTO trajectories (id, state, action, outcome, reward, timestamp) VALUES ('traj_1768863416', 'cmd_shell_general', 'success', 'completed', 0.8, 1768863416);
INSERT OR REPLACE INTO trajectories (id, state, action, outcome, reward, timestamp) VALUES ('traj_1768863427', 'cmd_shell_general', 'success', 'completed', 0.8, 1768863427);
INSERT OR REPLACE INTO trajectories (id, state, action, outcome, reward, timestamp) VALUES ('traj_1768863445', 'edit__in_project', 'successful-edit', 'completed', 1, 1768863445);
INSERT OR REPLACE INTO trajectories (id, state, action, outcome, reward, timestamp) VALUES ('traj_1768863459', 'edit__in_project', 'successful-edit', 'completed', 1, 1768863459);
INSERT OR REPLACE INTO trajectories (id, state, action, outcome, reward, timestamp) VALUES ('traj_1768863541', 'edit__in_project', 'successful-edit', 'completed', 1, 1768863541);
INSERT OR REPLACE INTO trajectories (id, state, action, outcome, reward, timestamp) VALUES ('traj_1768863542', 'edit__in_project', 'successful-edit', 'completed', 1, 1768863542);
INSERT OR REPLACE INTO trajectories (id, state, action, outcome, reward, timestamp) VALUES ('traj_1768863608', 'cmd_shell_general', 'success', 'completed', 0.8, 1768863608);
INSERT OR REPLACE INTO trajectories (id, state, action, outcome, reward, timestamp) VALUES ('traj_1768863635', 'edit__in_project', 'successful-edit', 'completed', 1, 1768863635);
INSERT OR REPLACE INTO trajectories (id, state, action, outcome, reward, timestamp) VALUES ('traj_1768863636', 'edit__in_project', 'successful-edit', 'completed', 1, 1768863636);
INSERT OR REPLACE INTO trajectories (id, state, action, outcome, reward, timestamp) VALUES ('traj_1768863637', 'edit__in_project', 'successful-edit', 'completed', 1, 1768863637);
INSERT OR REPLACE INTO trajectories (id, state, action, outcome, reward, timestamp) VALUES ('traj_1768863638', 'edit__in_project', 'successful-edit', 'completed', 1, 1768863638);
INSERT OR REPLACE INTO trajectories (id, state, action, outcome, reward, timestamp) VALUES ('traj_1768863677', 'edit__in_project', 'successful-edit', 'completed', 1, 1768863677);
INSERT OR REPLACE INTO trajectories (id, state, action, outcome, reward, timestamp) VALUES ('traj_1768863678', 'edit__in_project', 'successful-edit', 'completed', 1, 1768863678);
INSERT OR REPLACE INTO trajectories (id, state, action, outcome, reward, timestamp) VALUES ('traj_1768863679', 'edit__in_project', 'successful-edit', 'completed', 1, 1768863679);
INSERT OR REPLACE INTO trajectories (id, state, action, outcome, reward, timestamp) VALUES ('traj_1768863680', 'edit__in_project', 'successful-edit', 'completed', 1, 1768863680);
INSERT OR REPLACE INTO trajectories (id, state, action, outcome, reward, timestamp) VALUES ('traj_1768863681', 'edit__in_project', 'successful-edit', 'completed', 1, 1768863681);
INSERT OR REPLACE INTO trajectories (id, state, action, outcome, reward, timestamp) VALUES ('traj_1768863719', 'edit__in_project', 'successful-edit', 'completed', 1, 1768863719);
INSERT OR REPLACE INTO trajectories (id, state, action, outcome, reward, timestamp) VALUES ('traj_1768863720', 'edit__in_project', 'successful-edit', 'completed', 1, 1768863720);
INSERT OR REPLACE INTO trajectories (id, state, action, outcome, reward, timestamp) VALUES ('traj_1768863721', 'edit__in_project', 'successful-edit', 'completed', 1, 1768863721);
INSERT OR REPLACE INTO trajectories (id, state, action, outcome, reward, timestamp) VALUES ('traj_1768863722', 'edit__in_project', 'successful-edit', 'completed', 1, 1768863722);
INSERT OR REPLACE INTO trajectories (id, state, action, outcome, reward, timestamp) VALUES ('traj_1768863751', 'edit__in_project', 'successful-edit', 'completed', 1, 1768863751);
INSERT OR REPLACE INTO trajectories (id, state, action, outcome, reward, timestamp) VALUES ('traj_1768863798', 'edit__in_project', 'successful-edit', 'completed', 1, 1768863798);
INSERT OR REPLACE INTO trajectories (id, state, action, outcome, reward, timestamp) VALUES ('traj_1768863818', 'edit__in_project', 'successful-edit', 'completed', 1, 1768863818);
INSERT OR REPLACE INTO trajectories (id, state, action, outcome, reward, timestamp) VALUES ('traj_1768863819', 'edit__in_project', 'successful-edit', 'completed', 1, 1768863819);
INSERT OR REPLACE INTO trajectories (id, state, action, outcome, reward, timestamp) VALUES ('traj_1768863820', 'edit__in_project', 'successful-edit', 'completed', 1, 1768863820);
INSERT OR REPLACE INTO trajectories (id, state, action, outcome, reward, timestamp) VALUES ('traj_1768863821', 'edit__in_project', 'successful-edit', 'completed', 1, 1768863821);
INSERT OR REPLACE INTO trajectories (id, state, action, outcome, reward, timestamp) VALUES ('traj_1768863822', 'edit__in_project', 'successful-edit', 'completed', 1, 1768863822);
INSERT OR REPLACE INTO trajectories (id, state, action, outcome, reward, timestamp) VALUES ('traj_1768863839', 'edit__in_project', 'successful-edit', 'completed', 1, 1768863839);
INSERT OR REPLACE INTO trajectories (id, state, action, outcome, reward, timestamp) VALUES ('traj_1768863840', 'edit__in_project', 'successful-edit', 'completed', 1, 1768863840);
INSERT OR REPLACE INTO trajectories (id, state, action, outcome, reward, timestamp) VALUES ('traj_1768863950', 'edit__in_project', 'successful-edit', 'completed', 1, 1768863950);
INSERT OR REPLACE INTO trajectories (id, state, action, outcome, reward, timestamp) VALUES ('traj_1768863951', 'edit__in_project', 'successful-edit', 'completed', 1, 1768863951);
INSERT OR REPLACE INTO trajectories (id, state, action, outcome, reward, timestamp) VALUES ('traj_1768863970', 'edit__in_project', 'successful-edit', 'completed', 1, 1768863970);
INSERT OR REPLACE INTO trajectories (id, state, action, outcome, reward, timestamp) VALUES ('traj_1768863995', 'edit__in_project', 'successful-edit', 'completed', 1, 1768863995);
INSERT OR REPLACE INTO trajectories (id, state, action, outcome, reward, timestamp) VALUES ('traj_1768863996', 'edit__in_project', 'successful-edit', 'completed', 1, 1768863996);
INSERT OR REPLACE INTO trajectories (id, state, action, outcome, reward, timestamp) VALUES ('traj_1768863997', 'edit__in_project', 'successful-edit', 'completed', 1, 1768863997);
INSERT OR REPLACE INTO trajectories (id, state, action, outcome, reward, timestamp) VALUES ('traj_1768863998', 'edit__in_project', 'successful-edit', 'completed', 1, 1768863998);
INSERT OR REPLACE INTO trajectories (id, state, action, outcome, reward, timestamp) VALUES ('traj_1768863999', 'edit__in_project', 'successful-edit', 'completed', 1, 1768863999);
INSERT OR REPLACE INTO trajectories (id, state, action, outcome, reward, timestamp) VALUES ('traj_1768864013', 'edit__in_project', 'successful-edit', 'completed', 1, 1768864013);
INSERT OR REPLACE INTO trajectories (id, state, action, outcome, reward, timestamp) VALUES ('traj_1768864014', 'edit__in_project', 'successful-edit', 'completed', 1, 1768864014);
INSERT OR REPLACE INTO trajectories (id, state, action, outcome, reward, timestamp) VALUES ('traj_1768864039', 'edit__in_project', 'successful-edit', 'completed', 1, 1768864039);
INSERT OR REPLACE INTO trajectories (id, state, action, outcome, reward, timestamp) VALUES ('traj_1768864056', 'edit__in_project', 'successful-edit', 'completed', 1, 1768864056);
INSERT OR REPLACE INTO trajectories (id, state, action, outcome, reward, timestamp) VALUES ('traj_1768864057', 'edit__in_project', 'successful-edit', 'completed', 1, 1768864057);
INSERT OR REPLACE INTO trajectories (id, state, action, outcome, reward, timestamp) VALUES ('traj_1768864058', 'edit__in_project', 'successful-edit', 'completed', 1, 1768864058);
INSERT OR REPLACE INTO trajectories (id, state, action, outcome, reward, timestamp) VALUES ('traj_1768864074', 'edit__in_project', 'successful-edit', 'completed', 1, 1768864074);
INSERT OR REPLACE INTO trajectories (id, state, action, outcome, reward, timestamp) VALUES ('traj_1768864075', 'edit__in_project', 'successful-edit', 'completed', 1, 1768864075);
INSERT OR REPLACE INTO trajectories (id, state, action, outcome, reward, timestamp) VALUES ('traj_1768864076', 'edit__in_project', 'successful-edit', 'completed', 1, 1768864076);
INSERT OR REPLACE INTO trajectories (id, state, action, outcome, reward, timestamp) VALUES ('traj_1768864077', 'edit__in_project', 'successful-edit', 'completed', 1, 1768864077);
INSERT OR REPLACE INTO trajectories (id, state, action, outcome, reward, timestamp) VALUES ('traj_1768864090', 'edit__in_project', 'successful-edit', 'completed', 1, 1768864090);
INSERT OR REPLACE INTO trajectories (id, state, action, outcome, reward, timestamp) VALUES ('traj_1768864091', 'edit__in_project', 'successful-edit', 'completed', 1, 1768864091);
INSERT OR REPLACE INTO trajectories (id, state, action, outcome, reward, timestamp) VALUES ('traj_1768864092', 'edit__in_project', 'successful-edit', 'completed', 1, 1768864092);
INSERT OR REPLACE INTO trajectories (id, state, action, outcome, reward, timestamp) VALUES ('traj_1768869840', 'cmd_shell_general', 'success', 'completed', 0.8, 1768869840);
INSERT OR REPLACE INTO trajectories (id, state, action, outcome, reward, timestamp) VALUES ('traj_1768869846', 'cmd_shell_general', 'success', 'completed', 0.8, 1768869846);
INSERT OR REPLACE INTO trajectories (id, state, action, outcome, reward, timestamp) VALUES ('traj_1768869853', 'cmd_shell_general', 'success', 'completed', 0.8, 1768869853);
INSERT OR REPLACE INTO trajectories (id, state, action, outcome, reward, timestamp) VALUES ('traj_1768869859', 'cmd_shell_general', 'success', 'completed', 0.8, 1768869859);
INSERT OR REPLACE INTO trajectories (id, state, action, outcome, reward, timestamp) VALUES ('traj_1768869865', 'cmd_shell_general', 'success', 'completed', 0.8, 1768869865);
INSERT OR REPLACE INTO trajectories (id, state, action, outcome, reward, timestamp) VALUES ('traj_1768869873', 'cmd_shell_general', 'success', 'completed', 0.8, 1768869873);
INSERT OR REPLACE INTO trajectories (id, state, action, outcome, reward, timestamp) VALUES ('traj_1768869879', 'cmd_shell_general', 'success', 'completed', 0.8, 1768869879);
INSERT OR REPLACE INTO trajectories (id, state, action, outcome, reward, timestamp) VALUES ('traj_1768869891', 'edit__in_project', 'successful-edit', 'completed', 1, 1768869891);
INSERT OR REPLACE INTO trajectories (id, state, action, outcome, reward, timestamp) VALUES ('traj_1768869899', 'cmd_shell_general', 'success', 'completed', 0.8, 1768869899);
INSERT OR REPLACE INTO trajectories (id, state, action, outcome, reward, timestamp) VALUES ('traj_1768869936', 'cmd_shell_general', 'success', 'completed', 0.8, 1768869936);
INSERT OR REPLACE INTO trajectories (id, state, action, outcome, reward, timestamp) VALUES ('traj_1768869943', 'cmd_shell_general', 'success', 'completed', 0.8, 1768869943);
INSERT OR REPLACE INTO trajectories (id, state, action, outcome, reward, timestamp) VALUES ('traj_1768869949', 'cmd_shell_general', 'success', 'completed', 0.8, 1768869949);
INSERT OR REPLACE INTO trajectories (id, state, action, outcome, reward, timestamp) VALUES ('traj_1768869956', 'cmd_shell_general', 'success', 'completed', 0.8, 1768869956);
INSERT OR REPLACE INTO trajectories (id, state, action, outcome, reward, timestamp) VALUES ('traj_1768869967', 'cmd_shell_general', 'success', 'completed', 0.8, 1768869967);
INSERT OR REPLACE INTO trajectories (id, state, action, outcome, reward, timestamp) VALUES ('traj_1768869972', 'cmd_shell_general', 'success', 'completed', 0.8, 1768869972);
INSERT OR REPLACE INTO trajectories (id, state, action, outcome, reward, timestamp) VALUES ('traj_1768869977', 'cmd_shell_general', 'success', 'completed', 0.8, 1768869977);
INSERT OR REPLACE INTO trajectories (id, state, action, outcome, reward, timestamp) VALUES ('traj_1768870024', 'cmd_shell_general', 'success', 'completed', 0.8, 1768870024);
INSERT OR REPLACE INTO trajectories (id, state, action, outcome, reward, timestamp) VALUES ('traj_1768870030', 'cmd_shell_general', 'success', 'completed', 0.8, 1768870030);
INSERT OR REPLACE INTO trajectories (id, state, action, outcome, reward, timestamp) VALUES ('traj_1768870037', 'cmd_shell_general', 'success', 'completed', 0.8, 1768870037);
INSERT OR REPLACE INTO trajectories (id, state, action, outcome, reward, timestamp) VALUES ('traj_1768870043', 'cmd_shell_general', 'success', 'completed', 0.8, 1768870043);
INSERT OR REPLACE INTO trajectories (id, state, action, outcome, reward, timestamp) VALUES ('traj_1768870063', 'cmd_shell_general', 'success', 'completed', 0.8, 1768870063);
INSERT OR REPLACE INTO trajectories (id, state, action, outcome, reward, timestamp) VALUES ('traj_1768870069', 'cmd_shell_general', 'success', 'completed', 0.8, 1768870069);
INSERT OR REPLACE INTO trajectories (id, state, action, outcome, reward, timestamp) VALUES ('traj_1768870082', 'cmd_shell_general', 'success', 'completed', 0.8, 1768870082);
INSERT OR REPLACE INTO trajectories (id, state, action, outcome, reward, timestamp) VALUES ('traj_1768870088', 'cmd_shell_general', 'success', 'completed', 0.8, 1768870088);
INSERT OR REPLACE INTO trajectories (id, state, action, outcome, reward, timestamp) VALUES ('traj_1768870092', 'cmd_shell_general', 'success', 'completed', 0.8, 1768870092);
INSERT OR REPLACE INTO trajectories (id, state, action, outcome, reward, timestamp) VALUES ('traj_1768870105', 'cmd_shell_general', 'success', 'completed', 0.8, 1768870105);
INSERT OR REPLACE INTO trajectories (id, state, action, outcome, reward, timestamp) VALUES ('traj_1768870117', 'cmd_shell_general', 'success', 'completed', 0.8, 1768870117);
INSERT OR REPLACE INTO trajectories (id, state, action, outcome, reward, timestamp) VALUES ('traj_1768870122', 'cmd_shell_general', 'success', 'completed', 0.8, 1768870122);
INSERT OR REPLACE INTO trajectories (id, state, action, outcome, reward, timestamp) VALUES ('traj_1768870128', 'cmd_shell_general', 'success', 'completed', 0.8, 1768870128);
INSERT OR REPLACE INTO trajectories (id, state, action, outcome, reward, timestamp) VALUES ('traj_1768870135', 'cmd_shell_general', 'success', 'completed', 0.8, 1768870135);
INSERT OR REPLACE INTO trajectories (id, state, action, outcome, reward, timestamp) VALUES ('traj_1768870143', 'cmd_shell_general', 'success', 'completed', 0.8, 1768870143);
INSERT OR REPLACE INTO trajectories (id, state, action, outcome, reward, timestamp) VALUES ('traj_1768870149', 'cmd_shell_general', 'success', 'completed', 0.8, 1768870149);
INSERT OR REPLACE INTO trajectories (id, state, action, outcome, reward, timestamp) VALUES ('traj_1768870178', 'edit__in_project', 'successful-edit', 'completed', 1, 1768870178);
INSERT OR REPLACE INTO trajectories (id, state, action, outcome, reward, timestamp) VALUES ('traj_1768870190', 'cmd_shell_general', 'success', 'completed', 0.8, 1768870190);
INSERT OR REPLACE INTO trajectories (id, state, action, outcome, reward, timestamp) VALUES ('traj_1768870197', 'cmd_shell_general', 'success', 'completed', 0.8, 1768870197);
INSERT OR REPLACE INTO trajectories (id, state, action, outcome, reward, timestamp) VALUES ('traj_1768870225', 'edit__in_project', 'successful-edit', 'completed', 1, 1768870225);
INSERT OR REPLACE INTO trajectories (id, state, action, outcome, reward, timestamp) VALUES ('traj_1768870232', 'cmd_shell_general', 'success', 'completed', 0.8, 1768870232);
INSERT OR REPLACE INTO trajectories (id, state, action, outcome, reward, timestamp) VALUES ('traj_1768870439', 'cmd_shell_general', 'success', 'completed', 0.8, 1768870439);
INSERT OR REPLACE INTO trajectories (id, state, action, outcome, reward, timestamp) VALUES ('traj_1768870440', 'cmd_shell_general', 'success', 'completed', 0.8, 1768870440);
INSERT OR REPLACE INTO trajectories (id, state, action, outcome, reward, timestamp) VALUES ('traj_1768870442', 'cmd_shell_general', 'success', 'completed', 0.8, 1768870442);
INSERT OR REPLACE INTO trajectories (id, state, action, outcome, reward, timestamp) VALUES ('traj_1768870450', 'cmd_shell_general', 'success', 'completed', 0.8, 1768870450);
INSERT OR REPLACE INTO trajectories (id, state, action, outcome, reward, timestamp) VALUES ('traj_1768870451', 'cmd_shell_general', 'success', 'completed', 0.8, 1768870451);
INSERT OR REPLACE INTO trajectories (id, state, action, outcome, reward, timestamp) VALUES ('traj_1768870459', 'cmd_shell_general', 'success', 'completed', 0.8, 1768870459);
INSERT OR REPLACE INTO trajectories (id, state, action, outcome, reward, timestamp) VALUES ('traj_1768870467', 'cmd_shell_general', 'success', 'completed', 0.8, 1768870467);
INSERT OR REPLACE INTO trajectories (id, state, action, outcome, reward, timestamp) VALUES ('traj_1768870469', 'cmd_shell_general', 'success', 'completed', 0.8, 1768870469);
INSERT OR REPLACE INTO trajectories (id, state, action, outcome, reward, timestamp) VALUES ('traj_1768870478', 'cmd_shell_general', 'success', 'completed', 0.8, 1768870478);
INSERT OR REPLACE INTO trajectories (id, state, action, outcome, reward, timestamp) VALUES ('traj_1768870480', 'cmd_shell_general', 'success', 'completed', 0.8, 1768870480);
INSERT OR REPLACE INTO trajectories (id, state, action, outcome, reward, timestamp) VALUES ('traj_1768870487', 'cmd_shell_general', 'success', 'completed', 0.8, 1768870487);
INSERT OR REPLACE INTO trajectories (id, state, action, outcome, reward, timestamp) VALUES ('traj_1768870496', 'cmd_shell_general', 'success', 'completed', 0.8, 1768870496);
INSERT OR REPLACE INTO trajectories (id, state, action, outcome, reward, timestamp) VALUES ('traj_1768870503', 'cmd_shell_general', 'success', 'completed', 0.8, 1768870503);
INSERT OR REPLACE INTO trajectories (id, state, action, outcome, reward, timestamp) VALUES ('traj_1768870517', 'cmd_shell_general', 'success', 'completed', 0.8, 1768870517);
INSERT OR REPLACE INTO trajectories (id, state, action, outcome, reward, timestamp) VALUES ('traj_1768870527', 'cmd_shell_general', 'success', 'completed', 0.8, 1768870527);
INSERT OR REPLACE INTO trajectories (id, state, action, outcome, reward, timestamp) VALUES ('traj_1768870540', 'cmd_shell_general', 'success', 'completed', 0.8, 1768870540);
INSERT OR REPLACE INTO trajectories (id, state, action, outcome, reward, timestamp) VALUES ('traj_1768870541', 'cmd_shell_general', 'success', 'completed', 0.8, 1768870541);
INSERT OR REPLACE INTO trajectories (id, state, action, outcome, reward, timestamp) VALUES ('traj_1768870553', 'cmd_shell_general', 'success', 'completed', 0.8, 1768870553);
INSERT OR REPLACE INTO trajectories (id, state, action, outcome, reward, timestamp) VALUES ('traj_1768870554', 'cmd_shell_general', 'success', 'completed', 0.8, 1768870554);
INSERT OR REPLACE INTO trajectories (id, state, action, outcome, reward, timestamp) VALUES ('traj_1768870587', 'cmd_shell_general', 'success', 'completed', 0.8, 1768870587);
INSERT OR REPLACE INTO trajectories (id, state, action, outcome, reward, timestamp) VALUES ('traj_1768870593', 'cmd_shell_general', 'success', 'completed', 0.8, 1768870593);
INSERT OR REPLACE INTO trajectories (id, state, action, outcome, reward, timestamp) VALUES ('traj_1768871035', 'cmd_shell_general', 'success', 'completed', 0.8, 1768871035);
INSERT OR REPLACE INTO trajectories (id, state, action, outcome, reward, timestamp) VALUES ('traj_1768871048', 'cmd_shell_general', 'success', 'completed', 0.8, 1768871048);
INSERT OR REPLACE INTO trajectories (id, state, action, outcome, reward, timestamp) VALUES ('traj_1768871050', 'cmd_shell_general', 'success', 'completed', 0.8, 1768871050);
INSERT OR REPLACE INTO trajectories (id, state, action, outcome, reward, timestamp) VALUES ('traj_1768871061', 'cmd_shell_general', 'success', 'completed', 0.8, 1768871061);
INSERT OR REPLACE INTO trajectories (id, state, action, outcome, reward, timestamp) VALUES ('traj_1768871063', 'cmd_shell_general', 'success', 'completed', 0.8, 1768871063);
INSERT OR REPLACE INTO trajectories (id, state, action, outcome, reward, timestamp) VALUES ('traj_1768871072', 'cmd_shell_general', 'success', 'completed', 0.8, 1768871072);
INSERT OR REPLACE INTO trajectories (id, state, action, outcome, reward, timestamp) VALUES ('traj_1768871081', 'cmd_shell_general', 'success', 'completed', 0.8, 1768871081);
INSERT OR REPLACE INTO trajectories (id, state, action, outcome, reward, timestamp) VALUES ('traj_1768871090', 'cmd_shell_general', 'success', 'completed', 0.8, 1768871090);
INSERT OR REPLACE INTO trajectories (id, state, action, outcome, reward, timestamp) VALUES ('traj_1768871092', 'cmd_shell_general', 'success', 'completed', 0.8, 1768871092);
INSERT OR REPLACE INTO trajectories (id, state, action, outcome, reward, timestamp) VALUES ('traj_1768871106', 'edit__in_project', 'successful-edit', 'completed', 1, 1768871106);
INSERT OR REPLACE INTO trajectories (id, state, action, outcome, reward, timestamp) VALUES ('traj_1768871117', 'cmd_shell_general', 'success', 'completed', 0.8, 1768871117);
INSERT OR REPLACE INTO trajectories (id, state, action, outcome, reward, timestamp) VALUES ('traj_1768871119', 'cmd_shell_general', 'success', 'completed', 0.8, 1768871119);
INSERT OR REPLACE INTO trajectories (id, state, action, outcome, reward, timestamp) VALUES ('traj_1768871129', 'cmd_shell_general', 'success', 'completed', 0.8, 1768871129);
INSERT OR REPLACE INTO trajectories (id, state, action, outcome, reward, timestamp) VALUES ('traj_1768871132', 'cmd_shell_general', 'success', 'completed', 0.8, 1768871132);
INSERT OR REPLACE INTO trajectories (id, state, action, outcome, reward, timestamp) VALUES ('traj_1768871145', 'cmd_shell_general', 'success', 'completed', 0.8, 1768871145);
INSERT OR REPLACE INTO trajectories (id, state, action, outcome, reward, timestamp) VALUES ('traj_1768871158', 'cmd_shell_general', 'success', 'completed', 0.8, 1768871158);
INSERT OR REPLACE INTO trajectories (id, state, action, outcome, reward, timestamp) VALUES ('traj_1768871159', 'edit__in_project', 'successful-edit', 'completed', 1, 1768871159);
INSERT OR REPLACE INTO trajectories (id, state, action, outcome, reward, timestamp) VALUES ('traj_1768871167', 'cmd_shell_general', 'success', 'completed', 0.8, 1768871167);
INSERT OR REPLACE INTO trajectories (id, state, action, outcome, reward, timestamp) VALUES ('traj_1768871169', 'cmd_shell_general', 'success', 'completed', 0.8, 1768871169);
INSERT OR REPLACE INTO trajectories (id, state, action, outcome, reward, timestamp) VALUES ('traj_1768871249', 'cmd_shell_general', 'success', 'completed', 0.8, 1768871249);
INSERT OR REPLACE INTO trajectories (id, state, action, outcome, reward, timestamp) VALUES ('traj_1768871310', 'cmd_shell_general', 'success', 'completed', 0.8, 1768871310);
INSERT OR REPLACE INTO trajectories (id, state, action, outcome, reward, timestamp) VALUES ('traj_1768871312', 'cmd_shell_general', 'success', 'completed', 0.8, 1768871312);
INSERT OR REPLACE INTO trajectories (id, state, action, outcome, reward, timestamp) VALUES ('traj_1768871325', 'cmd_shell_general', 'success', 'completed', 0.8, 1768871325);
INSERT OR REPLACE INTO trajectories (id, state, action, outcome, reward, timestamp) VALUES ('traj_1768871340', 'cmd_shell_general', 'success', 'completed', 0.8, 1768871340);
INSERT OR REPLACE INTO trajectories (id, state, action, outcome, reward, timestamp) VALUES ('traj_1768871342', 'cmd_shell_general', 'success', 'completed', 0.8, 1768871342);
INSERT OR REPLACE INTO trajectories (id, state, action, outcome, reward, timestamp) VALUES ('traj_1768871351', 'cmd_shell_general', 'success', 'completed', 0.8, 1768871351);
INSERT OR REPLACE INTO trajectories (id, state, action, outcome, reward, timestamp) VALUES ('traj_1768871363', 'cmd_shell_general', 'success', 'completed', 0.8, 1768871363);
INSERT OR REPLACE INTO trajectories (id, state, action, outcome, reward, timestamp) VALUES ('traj_1768871373', 'cmd_shell_general', 'success', 'completed', 0.8, 1768871373);
INSERT OR REPLACE INTO trajectories (id, state, action, outcome, reward, timestamp) VALUES ('traj_1768871375', 'cmd_shell_general', 'success', 'completed', 0.8, 1768871375);
INSERT OR REPLACE INTO trajectories (id, state, action, outcome, reward, timestamp) VALUES ('traj_1768871385', 'cmd_shell_general', 'success', 'completed', 0.8, 1768871385);
INSERT OR REPLACE INTO trajectories (id, state, action, outcome, reward, timestamp) VALUES ('traj_1768871397', 'cmd_shell_general', 'success', 'completed', 0.8, 1768871397);
INSERT OR REPLACE INTO trajectories (id, state, action, outcome, reward, timestamp) VALUES ('traj_1768871564', 'cmd_shell_general', 'success', 'completed', 0.8, 1768871564);
INSERT OR REPLACE INTO trajectories (id, state, action, outcome, reward, timestamp) VALUES ('traj_1768871573', 'cmd_shell_general', 'success', 'completed', 0.8, 1768871573);
INSERT OR REPLACE INTO trajectories (id, state, action, outcome, reward, timestamp) VALUES ('traj_1768871576', 'cmd_shell_general', 'success', 'completed', 0.8, 1768871576);
INSERT OR REPLACE INTO trajectories (id, state, action, outcome, reward, timestamp) VALUES ('traj_1768871578', 'cmd_shell_general', 'success', 'completed', 0.8, 1768871578);
INSERT OR REPLACE INTO trajectories (id, state, action, outcome, reward, timestamp) VALUES ('traj_1768871591', 'cmd_shell_general', 'success', 'completed', 0.8, 1768871591);
INSERT OR REPLACE INTO trajectories (id, state, action, outcome, reward, timestamp) VALUES ('traj_1768871594', 'cmd_shell_general', 'success', 'completed', 0.8, 1768871594);
INSERT OR REPLACE INTO trajectories (id, state, action, outcome, reward, timestamp) VALUES ('traj_1768871618', 'cmd_shell_general', 'success', 'completed', 0.8, 1768871618);
INSERT OR REPLACE INTO trajectories (id, state, action, outcome, reward, timestamp) VALUES ('traj_1768871633', 'cmd_shell_general', 'success', 'completed', 0.8, 1768871633);
INSERT OR REPLACE INTO trajectories (id, state, action, outcome, reward, timestamp) VALUES ('traj_1768871644', 'cmd_shell_general', 'success', 'completed', 0.8, 1768871644);
INSERT OR REPLACE INTO trajectories (id, state, action, outcome, reward, timestamp) VALUES ('traj_1768871646', 'cmd_shell_general', 'success', 'completed', 0.8, 1768871646);
INSERT OR REPLACE INTO trajectories (id, state, action, outcome, reward, timestamp) VALUES ('traj_1768871685', 'edit__in_project', 'successful-edit', 'completed', 1, 1768871685);
INSERT OR REPLACE INTO trajectories (id, state, action, outcome, reward, timestamp) VALUES ('traj_1768871686', 'edit__in_project', 'successful-edit', 'completed', 1, 1768871686);
INSERT OR REPLACE INTO trajectories (id, state, action, outcome, reward, timestamp) VALUES ('traj_1768871696', 'cmd_shell_general', 'success', 'completed', 0.8, 1768871696);
INSERT OR REPLACE INTO trajectories (id, state, action, outcome, reward, timestamp) VALUES ('traj_1768871698', 'cmd_shell_general', 'success', 'completed', 0.8, 1768871698);
INSERT OR REPLACE INTO trajectories (id, state, action, outcome, reward, timestamp) VALUES ('traj_1768871710', 'cmd_shell_general', 'success', 'completed', 0.8, 1768871710);
INSERT OR REPLACE INTO trajectories (id, state, action, outcome, reward, timestamp) VALUES ('traj_1768871712', 'cmd_shell_general', 'success', 'completed', 0.8, 1768871712);
INSERT OR REPLACE INTO trajectories (id, state, action, outcome, reward, timestamp) VALUES ('traj_1768871742', 'cmd_shell_general', 'success', 'completed', 0.8, 1768871742);
INSERT OR REPLACE INTO trajectories (id, state, action, outcome, reward, timestamp) VALUES ('traj_1768871766', 'cmd_shell_general', 'success', 'completed', 0.8, 1768871766);
INSERT OR REPLACE INTO trajectories (id, state, action, outcome, reward, timestamp) VALUES ('traj_1768871770', 'cmd_shell_general', 'success', 'completed', 0.8, 1768871770);
INSERT OR REPLACE INTO trajectories (id, state, action, outcome, reward, timestamp) VALUES ('traj_1768871774', 'cmd_shell_general', 'success', 'completed', 0.8, 1768871774);
INSERT OR REPLACE INTO trajectories (id, state, action, outcome, reward, timestamp) VALUES ('traj_1768871827', 'cmd_shell_general', 'success', 'completed', 0.8, 1768871827);
INSERT OR REPLACE INTO trajectories (id, state, action, outcome, reward, timestamp) VALUES ('traj_1768871841', 'cmd_shell_general', 'success', 'completed', 0.8, 1768871841);
INSERT OR REPLACE INTO trajectories (id, state, action, outcome, reward, timestamp) VALUES ('traj_1768871846', 'cmd_shell_general', 'success', 'completed', 0.8, 1768871846);